-- --------------------------------------------------------
-- Host:                         127.0.0.1
-- Server version:               5.7.33-log - MySQL Community Server (GPL)
-- Server OS:                    Win64
-- HeidiSQL Version:             11.2.0.6213
-- --------------------------------------------------------

/*!40101 SET @OLD_CHARACTER_SET_CLIENT=@@CHARACTER_SET_CLIENT */;
/*!40101 SET NAMES utf8 */;
/*!50503 SET NAMES utf8mb4 */;
/*!40014 SET @OLD_FOREIGN_KEY_CHECKS=@@FOREIGN_KEY_CHECKS, FOREIGN_KEY_CHECKS=0 */;
/*!40101 SET @OLD_SQL_MODE=@@SQL_MODE, SQL_MODE='NO_AUTO_VALUE_ON_ZERO' */;
/*!40111 SET @OLD_SQL_NOTES=@@SQL_NOTES, SQL_NOTES=0 */;


-- Dumping database structure for oauth_db
CREATE DATABASE IF NOT EXISTS `oauth_db` /*!40100 DEFAULT CHARACTER SET latin1 */;
USE `oauth_db`;

-- Dumping structure for table oauth_db.oauth_access_token
CREATE TABLE IF NOT EXISTS `oauth_access_token` (
  `token_id` varchar(256) DEFAULT NULL,
  `token` mediumblob,
  `authentication_id` varchar(256) NOT NULL,
  `user_name` varchar(256) DEFAULT NULL,
  `client_id` varchar(256) DEFAULT NULL,
  `authentication` mediumblob,
  `refresh_token` varchar(256) DEFAULT NULL,
  PRIMARY KEY (`authentication_id`)
) ENGINE=InnoDB DEFAULT CHARSET=latin1;

-- Dumping data for table oauth_db.oauth_access_token: ~3 rows (approximately)
/*!40000 ALTER TABLE `oauth_access_token` DISABLE KEYS */;
INSERT IGNORE INTO `oauth_access_token` (`token_id`, `token`, `authentication_id`, `user_name`, `client_id`, `authentication`, `refresh_token`) VALUES
	('57515531a6151579482d1a8be88be5fc', _binary 0xACED0005737200436F72672E737072696E676672616D65776F726B2E73656375726974792E6F61757468322E636F6D6D6F6E2E44656661756C744F4175746832416363657373546F6B656E0CB29E361B24FACE0200064C00156164646974696F6E616C496E666F726D6174696F6E74000F4C6A6176612F7574696C2F4D61703B4C000A65787069726174696F6E7400104C6A6176612F7574696C2F446174653B4C000C72656672657368546F6B656E74003F4C6F72672F737072696E676672616D65776F726B2F73656375726974792F6F61757468322F636F6D6D6F6E2F4F417574683252656672657368546F6B656E3B4C000573636F706574000F4C6A6176612F7574696C2F5365743B4C0009746F6B656E547970657400124C6A6176612F6C616E672F537472696E673B4C000576616C756571007E000578707372001E6A6176612E7574696C2E436F6C6C656374696F6E7324456D7074794D6170593614855ADCE7D002000078707372000E6A6176612E7574696C2E44617465686A81014B597419030000787077080000018032967D66787372004C6F72672E737072696E676672616D65776F726B2E73656375726974792E6F61757468322E636F6D6D6F6E2E44656661756C744578706972696E674F417574683252656672657368546F6B656E2FDF47639DD0C9B70200014C000A65787069726174696F6E71007E0002787200446F72672E737072696E676672616D65776F726B2E73656375726974792E6F61757468322E636F6D6D6F6E2E44656661756C744F417574683252656672657368546F6B656E73E10E0A6354D45E0200014C000576616C756571007E0005787074001B426862564F48666447767A3465306E5A4F7845794F475138416A4D7371007E000977080000018032BA31A978737200256A6176612E7574696C2E436F6C6C656374696F6E7324556E6D6F6469666961626C65536574801D92D18F9B80550200007872002C6A6176612E7574696C2E436F6C6C656374696F6E7324556E6D6F6469666961626C65436F6C6C656374696F6E19420080CB5EF71E0200014C0001637400164C6A6176612F7574696C2F436F6C6C656374696F6E3B7870737200176A6176612E7574696C2E4C696E6B656448617368536574D86CD75A95DD2A1E020000787200116A6176612E7574696C2E48617368536574BA44859596B8B7340300007870770C000000043F400000000000027400045245414474000557524954457874000662656172657274001B46356165354B4B68734C554F3244585646446264424B5264784559, '511ff41992118909348eb6951bdf38b5', 'lakshan', 'mobile', _binary 0xACED0005737200416F72672E737072696E676672616D65776F726B2E73656375726974792E6F61757468322E70726F76696465722E4F417574683241757468656E7469636174696F6EBD400B02166252130200024C000D73746F7265645265717565737474003C4C6F72672F737072696E676672616D65776F726B2F73656375726974792F6F61757468322F70726F76696465722F4F4175746832526571756573743B4C00127573657241757468656E7469636174696F6E7400324C6F72672F737072696E676672616D65776F726B2F73656375726974792F636F72652F41757468656E7469636174696F6E3B787200476F72672E737072696E676672616D65776F726B2E73656375726974792E61757468656E7469636174696F6E2E416273747261637441757468656E7469636174696F6E546F6B656ED3AA287E6E47640E0200035A000D61757468656E746963617465644C000B617574686F7269746965737400164C6A6176612F7574696C2F436F6C6C656374696F6E3B4C000764657461696C737400124C6A6176612F6C616E672F4F626A6563743B787000737200266A6176612E7574696C2E436F6C6C656374696F6E7324556E6D6F6469666961626C654C697374FC0F2531B5EC8E100200014C00046C6973747400104C6A6176612F7574696C2F4C6973743B7872002C6A6176612E7574696C2E436F6C6C656374696F6E7324556E6D6F6469666961626C65436F6C6C656374696F6E19420080CB5EF71E0200014C00016371007E00047870737200136A6176612E7574696C2E41727261794C6973747881D21D99C7619D03000149000473697A65787000000005770400000005737200426F72672E737072696E676672616D65776F726B2E73656375726974792E636F72652E617574686F726974792E53696D706C654772616E746564417574686F7269747900000000000002300200014C0004726F6C657400124C6A6176612F6C616E672F537472696E673B787074000A524F4C455F61646D696E7371007E000D74000E6372656174655F70726F66696C657371007E000D74000C726561645F70726F66696C657371007E000D74000E7570646174655F70726F66696C657371007E000D74000E64656C6574655F70726F66696C657871007E000C707372003A6F72672E737072696E676672616D65776F726B2E73656375726974792E6F61757468322E70726F76696465722E4F41757468325265717565737400000000000000010200075A0008617070726F7665644C000B617574686F72697469657371007E00044C000A657874656E73696F6E7374000F4C6A6176612F7574696C2F4D61703B4C000B726564697265637455726971007E000E4C00077265667265736874003B4C6F72672F737072696E676672616D65776F726B2F73656375726974792F6F61757468322F70726F76696465722F546F6B656E526571756573743B4C000B7265736F7572636549647374000F4C6A6176612F7574696C2F5365743B4C000D726573706F6E7365547970657371007E001C787200386F72672E737072696E676672616D65776F726B2E73656375726974792E6F61757468322E70726F76696465722E426173655265717565737436287A3EA37169BD0200034C0008636C69656E74496471007E000E4C001172657175657374506172616D657465727371007E001A4C000573636F706571007E001C78707400066D6F62696C65737200256A6176612E7574696C2E436F6C6C656374696F6E7324556E6D6F6469666961626C654D6170F1A5A8FE74F507420200014C00016D71007E001A7870737200116A6176612E7574696C2E486173684D61700507DAC1C31660D103000246000A6C6F6164466163746F724900097468726573686F6C6478703F4000000000000C77080000001000000006740004636F64657400065A536F4C556274000A6772616E745F74797065740012617574686F72697A6174696F6E5F636F646574000D726573706F6E73655F74797065740004636F646574000C72656469726563745F75726974001B687474703A2F2F6C6F63616C686F73743A383038302F6C6F67696E74000573746174657400067A387447545A740009636C69656E745F696471007E001F78737200256A6176612E7574696C2E436F6C6C656374696F6E7324556E6D6F6469666961626C65536574801D92D18F9B80550200007871007E0009737200176A6176612E7574696C2E4C696E6B656448617368536574D86CD75A95DD2A1E020000787200116A6176612E7574696C2E48617368536574BA44859596B8B7340300007870770C000000103F4000000000000274000452454144740005575249544578017371007E0032770C000000103F40000000000000787371007E00223F40000000000000770800000010000000007874001B687474703A2F2F6C6F63616C686F73743A383038302F6C6F67696E707371007E0032770C000000103F400000000000027400077061796D656E74740009696E76656E746F7279787371007E0032770C000000103F4000000000000171007E0029787372004F6F72672E737072696E676672616D65776F726B2E73656375726974792E61757468656E7469636174696F6E2E557365726E616D6550617373776F726441757468656E7469636174696F6E546F6B656E00000000000002300200024C000B63726564656E7469616C7371007E00054C00097072696E636970616C71007E00057871007E0003017371007E00077371007E000B0000000577040000000571007E000F71007E001171007E001371007E001571007E00177871007E0040737200486F72672E737072696E676672616D65776F726B2E73656375726974792E7765622E61757468656E7469636174696F6E2E57656241757468656E7469636174696F6E44657461696C7300000000000002300200024C000D72656D6F74654164647265737371007E000E4C000973657373696F6E496471007E000E787074000F303A303A303A303A303A303A303A3174002030303034424237343541334636413346424137353341383946413546313739347073720037636F6D2E72656E74636C6F75642E617574686F72697A6174696F6E7365727665722E6D6F64656C2E417574685573657244657461696C73D22309A9E4ED625B0200007872002C636F6D2E72656E74636C6F75642E617574686F72697A6174696F6E7365727665722E6D6F64656C2E55736572D3777F9912BDCC290200095A00116163636F756E744E6F6E457870697265645A00106163636F756E744E6F6E4C6F636B65645A001563726564656E7469616C734E6F6E457870697265645A0007656E61626C65644C0005656D61696C71007E000E4C000269647400134C6A6176612F6C616E672F496E74656765723B4C000870617373776F726471007E000E4C0005726F6C657371007E00084C0008757365726E616D6571007E000E7870010101017400116C616B7368616E40676D61696C2E636F6D707400447B6263727970747D2432612431302471444748726D315A653951314B72456E4462626E626531566B7A496D564F4A7675683865756230516272436136484262314A3957797372002F6F72672E68696265726E6174652E636F6C6C656374696F6E2E696E7465726E616C2E50657273697374656E74426167FE57C5AFDA4FA6440200024C000362616771007E00084C001270726F7669646564436F6C6C656374696F6E71007E00047872003E6F72672E68696265726E6174652E636F6C6C656374696F6E2E696E7465726E616C2E416273747261637450657273697374656E74436F6C6C656374696F6E5718B75D8ABA735402000B5A001B616C6C6F774C6F61644F7574736964655472616E73616374696F6E49000A63616368656453697A655A000564697274795A000E656C656D656E7452656D6F7665645A000B696E697469616C697A65645A000D697354656D7053657373696F6E4C00036B65797400164C6A6176612F696F2F53657269616C697A61626C653B4C00056F776E657271007E00054C0004726F6C6571007E000E4C001273657373696F6E466163746F72795575696471007E000E4C000E73746F726564536E617073686F7471007E004D787000FFFFFFFF00000100737200116A6176612E6C616E672E496E746567657212E2A0A4F781873802000149000576616C7565787200106A6176612E6C616E672E4E756D62657286AC951D0B94E08B0200007870000000017371007E00460101010171007E004971007E005171007E004A71007E004E7400076C616B7368616E740032636F6D2E72656E74636C6F75642E617574686F72697A6174696F6E7365727665722E6D6F64656C2E557365722E726F6C6573707371007E000B000000017704000000017372002C636F6D2E72656E74636C6F75642E617574686F72697A6174696F6E7365727665722E6D6F64656C2E526F6C65C8F3ECF7266056D40200034C0002696471007E00474C00046E616D6571007E000E4C000B7065726D697373696F6E7371007E0008787071007E005171007E00107371007E004B00FFFFFFFF0000010071007E005171007E0057740038636F6D2E72656E74636C6F75642E617574686F72697A6174696F6E7365727665722E6D6F64656C2E526F6C652E7065726D697373696F6E73707371007E000B0000000477040000000473720032636F6D2E72656E74636C6F75642E617574686F72697A6174696F6E7365727665722E6D6F64656C2E5065726D697373696F6EAA59DCA3426DB4530200024C0002696471007E00474C00046E616D6571007E000E787071007E005171007E00127371007E005B7371007E004F0000000271007E00147371007E005B7371007E004F0000000371007E00167371007E005B7371007E004F0000000471007E0018787371007E000B0000000477040000000471007E005C71007E005D71007E005F71007E00617870787371007E000B0000000177040000000171007E0057787071007E0053, 'bfb26e5f8309e59f03b8f809b4a6acd8'),
	('a0afc6173f667b192bac45f42ac5400b', _binary 0xACED0005737200436F72672E737072696E676672616D65776F726B2E73656375726974792E6F61757468322E636F6D6D6F6E2E44656661756C744F4175746832416363657373546F6B656E0CB29E361B24FACE0200064C00156164646974696F6E616C496E666F726D6174696F6E74000F4C6A6176612F7574696C2F4D61703B4C000A65787069726174696F6E7400104C6A6176612F7574696C2F446174653B4C000C72656672657368546F6B656E74003F4C6F72672F737072696E676672616D65776F726B2F73656375726974792F6F61757468322F636F6D6D6F6E2F4F417574683252656672657368546F6B656E3B4C000573636F706574000F4C6A6176612F7574696C2F5365743B4C0009746F6B656E547970657400124C6A6176612F6C616E672F537472696E673B4C000576616C756571007E000578707372001E6A6176612E7574696C2E436F6C6C656374696F6E7324456D7074794D6170593614855ADCE7D002000078707372000E6A6176612E7574696C2E44617465686A81014B597419030000787077080000018032A77487787372004C6F72672E737072696E676672616D65776F726B2E73656375726974792E6F61757468322E636F6D6D6F6E2E44656661756C744578706972696E674F417574683252656672657368546F6B656E2FDF47639DD0C9B70200014C000A65787069726174696F6E71007E0002787200446F72672E737072696E676672616D65776F726B2E73656375726974792E6F61757468322E636F6D6D6F6E2E44656661756C744F417574683252656672657368546F6B656E73E10E0A6354D45E0200014C000576616C756571007E0005787074001B486E4D71546361493930324242536D536B336D704B426F6F6D6C557371007E000977080000018033091C8778737200256A6176612E7574696C2E436F6C6C656374696F6E7324556E6D6F6469666961626C65536574801D92D18F9B80550200007872002C6A6176612E7574696C2E436F6C6C656374696F6E7324556E6D6F6469666961626C65436F6C6C656374696F6E19420080CB5EF71E0200014C0001637400164C6A6176612F7574696C2F436F6C6C656374696F6E3B7870737200176A6176612E7574696C2E4C696E6B656448617368536574D86CD75A95DD2A1E020000787200116A6176612E7574696C2E48617368536574BA44859596B8B7340300007870770C000000043F400000000000027400045245414474000557524954457874000662656172657274001B4B625A712D70556F54734C493838464D79767361676E335338364D, '60b9b91cb9659a3c58652830cd69cc74', 'suranga', 'mobile', _binary 0xACED0005737200416F72672E737072696E676672616D65776F726B2E73656375726974792E6F61757468322E70726F76696465722E4F417574683241757468656E7469636174696F6EBD400B02166252130200024C000D73746F7265645265717565737474003C4C6F72672F737072696E676672616D65776F726B2F73656375726974792F6F61757468322F70726F76696465722F4F4175746832526571756573743B4C00127573657241757468656E7469636174696F6E7400324C6F72672F737072696E676672616D65776F726B2F73656375726974792F636F72652F41757468656E7469636174696F6E3B787200476F72672E737072696E676672616D65776F726B2E73656375726974792E61757468656E7469636174696F6E2E416273747261637441757468656E7469636174696F6E546F6B656ED3AA287E6E47640E0200035A000D61757468656E746963617465644C000B617574686F7269746965737400164C6A6176612F7574696C2F436F6C6C656374696F6E3B4C000764657461696C737400124C6A6176612F6C616E672F4F626A6563743B787000737200266A6176612E7574696C2E436F6C6C656374696F6E7324556E6D6F6469666961626C654C697374FC0F2531B5EC8E100200014C00046C6973747400104C6A6176612F7574696C2F4C6973743B7872002C6A6176612E7574696C2E436F6C6C656374696F6E7324556E6D6F6469666961626C65436F6C6C656374696F6E19420080CB5EF71E0200014C00016371007E00047870737200136A6176612E7574696C2E41727261794C6973747881D21D99C7619D03000149000473697A65787000000003770400000003737200426F72672E737072696E676672616D65776F726B2E73656375726974792E636F72652E617574686F726974792E53696D706C654772616E746564417574686F7269747900000000000002300200014C0004726F6C657400124C6A6176612F6C616E672F537472696E673B787074000B524F4C455F656469746F727371007E000D74000C726561645F70726F66696C657371007E000D74000E7570646174655F70726F66696C657871007E000C707372003A6F72672E737072696E676672616D65776F726B2E73656375726974792E6F61757468322E70726F76696465722E4F41757468325265717565737400000000000000010200075A0008617070726F7665644C000B617574686F72697469657371007E00044C000A657874656E73696F6E7374000F4C6A6176612F7574696C2F4D61703B4C000B726564697265637455726971007E000E4C00077265667265736874003B4C6F72672F737072696E676672616D65776F726B2F73656375726974792F6F61757468322F70726F76696465722F546F6B656E526571756573743B4C000B7265736F7572636549647374000F4C6A6176612F7574696C2F5365743B4C000D726573706F6E7365547970657371007E0018787200386F72672E737072696E676672616D65776F726B2E73656375726974792E6F61757468322E70726F76696465722E426173655265717565737436287A3EA37169BD0200034C0008636C69656E74496471007E000E4C001172657175657374506172616D657465727371007E00164C000573636F706571007E001878707400066D6F62696C65737200256A6176612E7574696C2E436F6C6C656374696F6E7324556E6D6F6469666961626C654D6170F1A5A8FE74F507420200014C00016D71007E00167870737200116A6176612E7574696C2E486173684D61700507DAC1C31660D103000246000A6C6F6164466163746F724900097468726573686F6C6478703F4000000000000C77080000001000000006740004636F646574000651444B36747474000A6772616E745F74797065740012617574686F72697A6174696F6E5F636F646574000D726573706F6E73655F74797065740004636F646574000C72656469726563745F75726974001B687474703A2F2F6C6F63616C686F73743A383038302F6C6F67696E7400057374617465740006426B494E4553740009636C69656E745F696471007E001B78737200256A6176612E7574696C2E436F6C6C656374696F6E7324556E6D6F6469666961626C65536574801D92D18F9B80550200007871007E0009737200176A6176612E7574696C2E4C696E6B656448617368536574D86CD75A95DD2A1E020000787200116A6176612E7574696C2E48617368536574BA44859596B8B7340300007870770C000000103F4000000000000274000452454144740005575249544578017371007E002E770C000000103F40000000000000787371007E001E3F40000000000000770800000010000000007874001B687474703A2F2F6C6F63616C686F73743A383038302F6C6F67696E707371007E002E770C000000103F400000000000027400077061796D656E74740009696E76656E746F7279787371007E002E770C000000103F4000000000000171007E0025787372004F6F72672E737072696E676672616D65776F726B2E73656375726974792E61757468656E7469636174696F6E2E557365726E616D6550617373776F726441757468656E7469636174696F6E546F6B656E00000000000002300200024C000B63726564656E7469616C7371007E00054C00097072696E636970616C71007E00057871007E0003017371007E00077371007E000B0000000377040000000371007E000F71007E001171007E00137871007E003C737200486F72672E737072696E676672616D65776F726B2E73656375726974792E7765622E61757468656E7469636174696F6E2E57656241757468656E7469636174696F6E44657461696C7300000000000002300200024C000D72656D6F74654164647265737371007E000E4C000973657373696F6E496471007E000E787074000F303A303A303A303A303A303A303A3174002030334633304139373343384130464145354236323541313538313636324135317073720037636F6D2E72656E74636C6F75642E617574686F72697A6174696F6E7365727665722E6D6F64656C2E417574685573657244657461696C73D22309A9E4ED625B0200007872002C636F6D2E72656E74636C6F75642E617574686F72697A6174696F6E7365727665722E6D6F64656C2E55736572D3777F9912BDCC290200095A00116163636F756E744E6F6E457870697265645A00106163636F756E744E6F6E4C6F636B65645A001563726564656E7469616C734E6F6E457870697265645A0007656E61626C65644C0005656D61696C71007E000E4C000269647400134C6A6176612F6C616E672F496E74656765723B4C000870617373776F726471007E000E4C0005726F6C657371007E00084C0008757365726E616D6571007E000E78700101010174000D73757240676D61696C2E636F6D707400447B6263727970747D2432612431302471444748726D315A653951314B72456E4462626E626531566B7A496D564F4A7675683865756230516272436136484262314A3957797372002F6F72672E68696265726E6174652E636F6C6C656374696F6E2E696E7465726E616C2E50657273697374656E74426167FE57C5AFDA4FA6440200024C000362616771007E00084C001270726F7669646564436F6C6C656374696F6E71007E00047872003E6F72672E68696265726E6174652E636F6C6C656374696F6E2E696E7465726E616C2E416273747261637450657273697374656E74436F6C6C656374696F6E5718B75D8ABA735402000B5A001B616C6C6F774C6F61644F7574736964655472616E73616374696F6E49000A63616368656453697A655A000564697274795A000E656C656D656E7452656D6F7665645A000B696E697469616C697A65645A000D697354656D7053657373696F6E4C00036B65797400164C6A6176612F696F2F53657269616C697A61626C653B4C00056F776E657271007E00054C0004726F6C6571007E000E4C001273657373696F6E466163746F72795575696471007E000E4C000E73746F726564536E617073686F7471007E0049787000FFFFFFFF00000100737200116A6176612E6C616E672E496E746567657212E2A0A4F781873802000149000576616C7565787200106A6176612E6C616E672E4E756D62657286AC951D0B94E08B0200007870000000027371007E00420101010171007E004571007E004D71007E004671007E004A740007737572616E6761740032636F6D2E72656E74636C6F75642E617574686F72697A6174696F6E7365727665722E6D6F64656C2E557365722E726F6C6573707371007E000B000000017704000000017372002C636F6D2E72656E74636C6F75642E617574686F72697A6174696F6E7365727665722E6D6F64656C2E526F6C65C8F3ECF7266056D40200034C0002696471007E00434C00046E616D6571007E000E4C000B7065726D697373696F6E7371007E0008787071007E004D71007E00107371007E004700FFFFFFFF0000010071007E004D71007E0053740038636F6D2E72656E74636C6F75642E617574686F72697A6174696F6E7365727665722E6D6F64656C2E526F6C652E7065726D697373696F6E73707371007E000B0000000277040000000273720032636F6D2E72656E74636C6F75642E617574686F72697A6174696F6E7365727665722E6D6F64656C2E5065726D697373696F6EAA59DCA3426DB4530200024C0002696471007E00434C00046E616D6571007E000E787071007E004D71007E00127371007E00577371007E004B0000000371007E0014787371007E000B0000000277040000000271007E005871007E00597870787371007E000B0000000177040000000171007E0053787071007E004F, '9fbea7481f314b78806d3bd2d8c9d70f'),
	('f61b3971871599b0e04afc3dff93a94c', _binary 0xACED0005737200436F72672E737072696E676672616D65776F726B2E73656375726974792E6F61757468322E636F6D6D6F6E2E44656661756C744F4175746832416363657373546F6B656E0CB29E361B24FACE0200064C00156164646974696F6E616C496E666F726D6174696F6E74000F4C6A6176612F7574696C2F4D61703B4C000A65787069726174696F6E7400104C6A6176612F7574696C2F446174653B4C000C72656672657368546F6B656E74003F4C6F72672F737072696E676672616D65776F726B2F73656375726974792F6F61757468322F636F6D6D6F6E2F4F417574683252656672657368546F6B656E3B4C000573636F706574000F4C6A6176612F7574696C2F5365743B4C0009746F6B656E547970657400124C6A6176612F6C616E672F537472696E673B4C000576616C756571007E000578707372001E6A6176612E7574696C2E436F6C6C656374696F6E7324456D7074794D6170593614855ADCE7D002000078707372000E6A6176612E7574696C2E44617465686A81014B597419030000787077080000018032B6CD3E787372004C6F72672E737072696E676672616D65776F726B2E73656375726974792E6F61757468322E636F6D6D6F6E2E44656661756C744578706972696E674F417574683252656672657368546F6B656E2FDF47639DD0C9B70200014C000A65787069726174696F6E71007E0002787200446F72672E737072696E676672616D65776F726B2E73656375726974792E6F61757468322E636F6D6D6F6E2E44656661756C744F417574683252656672657368546F6B656E73E10E0A6354D45E0200014C000576616C756571007E0005787074001B35684E67396D4854416474517772526C6F62622D6B45306D6130307371007E00097708000001803318753D78737200256A6176612E7574696C2E436F6C6C656374696F6E7324556E6D6F6469666961626C65536574801D92D18F9B80550200007872002C6A6176612E7574696C2E436F6C6C656374696F6E7324556E6D6F6469666961626C65436F6C6C656374696F6E19420080CB5EF71E0200014C0001637400164C6A6176612F7574696C2F436F6C6C656374696F6E3B7870737200176A6176612E7574696C2E4C696E6B656448617368536574D86CD75A95DD2A1E020000787200116A6176612E7574696C2E48617368536574BA44859596B8B7340300007870770C000000103F400000000000027400045245414474000557524954457874000662656172657274001B4A4A6B614852536C41326550626644457758384A4D5A7242656330, 'ae79732879c495f28894d5f1409e0573', 'nuwan', 'mobile', _binary 0xACED0005737200416F72672E737072696E676672616D65776F726B2E73656375726974792E6F61757468322E70726F76696465722E4F417574683241757468656E7469636174696F6EBD400B02166252130200024C000D73746F7265645265717565737474003C4C6F72672F737072696E676672616D65776F726B2F73656375726974792F6F61757468322F70726F76696465722F4F4175746832526571756573743B4C00127573657241757468656E7469636174696F6E7400324C6F72672F737072696E676672616D65776F726B2F73656375726974792F636F72652F41757468656E7469636174696F6E3B787200476F72672E737072696E676672616D65776F726B2E73656375726974792E61757468656E7469636174696F6E2E416273747261637441757468656E7469636174696F6E546F6B656ED3AA287E6E47640E0200035A000D61757468656E746963617465644C000B617574686F7269746965737400164C6A6176612F7574696C2F436F6C6C656374696F6E3B4C000764657461696C737400124C6A6176612F6C616E672F4F626A6563743B787000737200266A6176612E7574696C2E436F6C6C656374696F6E7324556E6D6F6469666961626C654C697374FC0F2531B5EC8E100200014C00046C6973747400104C6A6176612F7574696C2F4C6973743B7872002C6A6176612E7574696C2E436F6C6C656374696F6E7324556E6D6F6469666961626C65436F6C6C656374696F6E19420080CB5EF71E0200014C00016371007E00047870737200136A6176612E7574696C2E41727261794C6973747881D21D99C7619D03000149000473697A65787000000002770400000002737200426F72672E737072696E676672616D65776F726B2E73656375726974792E636F72652E617574686F726974792E53696D706C654772616E746564417574686F7269747900000000000002300200014C0004726F6C657400124C6A6176612F6C616E672F537472696E673B787074000D524F4C455F6F70657261746F727371007E000D74000C726561645F70726F66696C657871007E000C707372003A6F72672E737072696E676672616D65776F726B2E73656375726974792E6F61757468322E70726F76696465722E4F41757468325265717565737400000000000000010200075A0008617070726F7665644C000B617574686F72697469657371007E00044C000A657874656E73696F6E7374000F4C6A6176612F7574696C2F4D61703B4C000B726564697265637455726971007E000E4C00077265667265736874003B4C6F72672F737072696E676672616D65776F726B2F73656375726974792F6F61757468322F70726F76696465722F546F6B656E526571756573743B4C000B7265736F7572636549647374000F4C6A6176612F7574696C2F5365743B4C000D726573706F6E7365547970657371007E0016787200386F72672E737072696E676672616D65776F726B2E73656375726974792E6F61757468322E70726F76696465722E426173655265717565737436287A3EA37169BD0200034C0008636C69656E74496471007E000E4C001172657175657374506172616D657465727371007E00144C000573636F706571007E001678707400066D6F62696C65737200256A6176612E7574696C2E436F6C6C656374696F6E7324556E6D6F6469666961626C654D6170F1A5A8FE74F507420200014C00016D71007E00147870737200116A6176612E7574696C2E486173684D61700507DAC1C31660D103000246000A6C6F6164466163746F724900097468726573686F6C6478703F4000000000000C77080000001000000006740004636F6465740006547A6F306A5F74000A6772616E745F74797065740012617574686F72697A6174696F6E5F636F646574000D726573706F6E73655F74797065740004636F646574000C72656469726563745F75726974001B687474703A2F2F6C6F63616C686F73743A383038302F6C6F67696E7400057374617465740006655650646572740009636C69656E745F696471007E001978737200256A6176612E7574696C2E436F6C6C656374696F6E7324556E6D6F6469666961626C65536574801D92D18F9B80550200007871007E0009737200176A6176612E7574696C2E4C696E6B656448617368536574D86CD75A95DD2A1E020000787200116A6176612E7574696C2E48617368536574BA44859596B8B7340300007870770C000000103F4000000000000274000452454144740005575249544578017371007E002C770C000000103F40000000000000787371007E001C3F40000000000000770800000010000000007874001B687474703A2F2F6C6F63616C686F73743A383038302F6C6F67696E707371007E002C770C000000103F400000000000027400077061796D656E74740009696E76656E746F7279787371007E002C770C000000103F4000000000000171007E0023787372004F6F72672E737072696E676672616D65776F726B2E73656375726974792E61757468656E7469636174696F6E2E557365726E616D6550617373776F726441757468656E7469636174696F6E546F6B656E00000000000002300200024C000B63726564656E7469616C7371007E00054C00097072696E636970616C71007E00057871007E0003017371007E00077371007E000B0000000277040000000271007E000F71007E00117871007E003A737200486F72672E737072696E676672616D65776F726B2E73656375726974792E7765622E61757468656E7469636174696F6E2E57656241757468656E7469636174696F6E44657461696C7300000000000002300200024C000D72656D6F74654164647265737371007E000E4C000973657373696F6E496471007E000E787074000F303A303A303A303A303A303A303A3174002041344432313745464633463041453737343344453139324332464145333643307073720037636F6D2E72656E74636C6F75642E617574686F72697A6174696F6E7365727665722E6D6F64656C2E417574685573657244657461696C73D22309A9E4ED625B0200007872002C636F6D2E72656E74636C6F75642E617574686F72697A6174696F6E7365727665722E6D6F64656C2E55736572D3777F9912BDCC290200095A00116163636F756E744E6F6E457870697265645A00106163636F756E744E6F6E4C6F636B65645A001563726564656E7469616C734E6F6E457870697265645A0007656E61626C65644C0005656D61696C71007E000E4C000269647400134C6A6176612F6C616E672F496E74656765723B4C000870617373776F726471007E000E4C0005726F6C657371007E00084C0008757365726E616D6571007E000E78700101010174000F6E7577616E40676D61696C2E636F6D707400447B6263727970747D2432612431302471444748726D315A653951314B72456E4462626E626531566B7A496D564F4A7675683865756230516272436136484262314A3957797372002F6F72672E68696265726E6174652E636F6C6C656374696F6E2E696E7465726E616C2E50657273697374656E74426167FE57C5AFDA4FA6440200024C000362616771007E00084C001270726F7669646564436F6C6C656374696F6E71007E00047872003E6F72672E68696265726E6174652E636F6C6C656374696F6E2E696E7465726E616C2E416273747261637450657273697374656E74436F6C6C656374696F6E5718B75D8ABA735402000B5A001B616C6C6F774C6F61644F7574736964655472616E73616374696F6E49000A63616368656453697A655A000564697274795A000E656C656D656E7452656D6F7665645A000B696E697469616C697A65645A000D697354656D7053657373696F6E4C00036B65797400164C6A6176612F696F2F53657269616C697A61626C653B4C00056F776E657271007E00054C0004726F6C6571007E000E4C001273657373696F6E466163746F72795575696471007E000E4C000E73746F726564536E617073686F7471007E0047787000FFFFFFFF00000100737200116A6176612E6C616E672E496E746567657212E2A0A4F781873802000149000576616C7565787200106A6176612E6C616E672E4E756D62657286AC951D0B94E08B0200007870000000037371007E00400101010171007E004371007E004B71007E004471007E00487400056E7577616E740032636F6D2E72656E74636C6F75642E617574686F72697A6174696F6E7365727665722E6D6F64656C2E557365722E726F6C6573707371007E000B000000017704000000017372002C636F6D2E72656E74636C6F75642E617574686F72697A6174696F6E7365727665722E6D6F64656C2E526F6C65C8F3ECF7266056D40200034C0002696471007E00414C00046E616D6571007E000E4C000B7065726D697373696F6E7371007E0008787071007E004B71007E00107371007E004500FFFFFFFF0000010071007E004B71007E0051740038636F6D2E72656E74636C6F75642E617574686F72697A6174696F6E7365727665722E6D6F64656C2E526F6C652E7065726D697373696F6E73707371007E000B0000000177040000000173720032636F6D2E72656E74636C6F75642E617574686F72697A6174696F6E7365727665722E6D6F64656C2E5065726D697373696F6EAA59DCA3426DB4530200024C0002696471007E00414C00046E616D6571007E000E78707371007E00490000000271007E0012787371007E000B0000000177040000000171007E00567870787371007E000B0000000177040000000171007E0051787071007E004D, '3fb4f0bad4e55840a7d756a33faaca1b');
/*!40000 ALTER TABLE `oauth_access_token` ENABLE KEYS */;

-- Dumping structure for table oauth_db.oauth_approvals
CREATE TABLE IF NOT EXISTS `oauth_approvals` (
  `userId` varchar(256) DEFAULT NULL,
  `clientId` varchar(256) DEFAULT NULL,
  `scope` varchar(256) DEFAULT NULL,
  `status` varchar(10) DEFAULT NULL,
  `expiresAt` timestamp NOT NULL DEFAULT CURRENT_TIMESTAMP ON UPDATE CURRENT_TIMESTAMP,
  `lastModifiedAt` timestamp NOT NULL DEFAULT '0000-00-00 00:00:00'
) ENGINE=InnoDB DEFAULT CHARSET=latin1;

-- Dumping data for table oauth_db.oauth_approvals: ~0 rows (approximately)
/*!40000 ALTER TABLE `oauth_approvals` DISABLE KEYS */;
/*!40000 ALTER TABLE `oauth_approvals` ENABLE KEYS */;

-- Dumping structure for table oauth_db.oauth_client_details
CREATE TABLE IF NOT EXISTS `oauth_client_details` (
  `client_id` varchar(255) NOT NULL,
  `client_secret` varchar(255) NOT NULL,
  `web_server_redirect_uri` varchar(2048) DEFAULT NULL,
  `scope` varchar(255) DEFAULT NULL,
  `access_token_validity` int(11) DEFAULT NULL,
  `refresh_token_validity` int(11) DEFAULT NULL,
  `resource_ids` varchar(1024) DEFAULT NULL,
  `authorized_grant_types` varchar(1024) DEFAULT NULL,
  `authorities` varchar(1024) DEFAULT NULL,
  `additional_information` varchar(4096) DEFAULT NULL,
  `autoapprove` varchar(255) DEFAULT NULL,
  PRIMARY KEY (`client_id`)
) ENGINE=InnoDB DEFAULT CHARSET=latin1;

-- Dumping data for table oauth_db.oauth_client_details: ~1 rows (approximately)
/*!40000 ALTER TABLE `oauth_client_details` DISABLE KEYS */;
INSERT IGNORE INTO `oauth_client_details` (`client_id`, `client_secret`, `web_server_redirect_uri`, `scope`, `access_token_validity`, `refresh_token_validity`, `resource_ids`, `authorized_grant_types`, `authorities`, `additional_information`, `autoapprove`) VALUES
	('mobile', '{bcrypt}$2a$10$qDGHrm1Ze9Q1KrEnDbbnbe1VkzImVOJvuh8eub0QbrCa6HBb1J9Wy', 'http://localhost:8080/login', 'READ,WRITE', 3600, 10000, 'inventory,payment', 'authorization_code,password,refresh_token,implicit', NULL, '{}', NULL);
/*!40000 ALTER TABLE `oauth_client_details` ENABLE KEYS */;

-- Dumping structure for table oauth_db.oauth_client_token
CREATE TABLE IF NOT EXISTS `oauth_client_token` (
  `token_id` varchar(256) DEFAULT NULL,
  `token` mediumblob,
  `authentication_id` varchar(256) NOT NULL,
  `user_name` varchar(256) DEFAULT NULL,
  `client_id` varchar(256) DEFAULT NULL,
  PRIMARY KEY (`authentication_id`)
) ENGINE=InnoDB DEFAULT CHARSET=latin1;

-- Dumping data for table oauth_db.oauth_client_token: ~0 rows (approximately)
/*!40000 ALTER TABLE `oauth_client_token` DISABLE KEYS */;
/*!40000 ALTER TABLE `oauth_client_token` ENABLE KEYS */;

-- Dumping structure for table oauth_db.oauth_code
CREATE TABLE IF NOT EXISTS `oauth_code` (
  `code` varchar(256) DEFAULT NULL,
  `authentication` mediumblob
) ENGINE=InnoDB DEFAULT CHARSET=latin1;

-- Dumping data for table oauth_db.oauth_code: ~0 rows (approximately)
/*!40000 ALTER TABLE `oauth_code` DISABLE KEYS */;
/*!40000 ALTER TABLE `oauth_code` ENABLE KEYS */;

-- Dumping structure for table oauth_db.oauth_refresh_token
CREATE TABLE IF NOT EXISTS `oauth_refresh_token` (
  `token_id` varchar(256) DEFAULT NULL,
  `token` mediumblob,
  `authentication` mediumblob
) ENGINE=InnoDB DEFAULT CHARSET=latin1;

-- Dumping data for table oauth_db.oauth_refresh_token: ~3 rows (approximately)
/*!40000 ALTER TABLE `oauth_refresh_token` DISABLE KEYS */;
INSERT IGNORE INTO `oauth_refresh_token` (`token_id`, `token`, `authentication`) VALUES
	('bfb26e5f8309e59f03b8f809b4a6acd8', _binary 0xACED00057372004C6F72672E737072696E676672616D65776F726B2E73656375726974792E6F61757468322E636F6D6D6F6E2E44656661756C744578706972696E674F417574683252656672657368546F6B656E2FDF47639DD0C9B70200014C000A65787069726174696F6E7400104C6A6176612F7574696C2F446174653B787200446F72672E737072696E676672616D65776F726B2E73656375726974792E6F61757468322E636F6D6D6F6E2E44656661756C744F417574683252656672657368546F6B656E73E10E0A6354D45E0200014C000576616C75657400124C6A6176612F6C616E672F537472696E673B787074001B426862564F48666447767A3465306E5A4F7845794F475138416A4D7372000E6A6176612E7574696C2E44617465686A81014B597419030000787077080000018032BA31A978, _binary 0xACED0005737200416F72672E737072696E676672616D65776F726B2E73656375726974792E6F61757468322E70726F76696465722E4F417574683241757468656E7469636174696F6EBD400B02166252130200024C000D73746F7265645265717565737474003C4C6F72672F737072696E676672616D65776F726B2F73656375726974792F6F61757468322F70726F76696465722F4F4175746832526571756573743B4C00127573657241757468656E7469636174696F6E7400324C6F72672F737072696E676672616D65776F726B2F73656375726974792F636F72652F41757468656E7469636174696F6E3B787200476F72672E737072696E676672616D65776F726B2E73656375726974792E61757468656E7469636174696F6E2E416273747261637441757468656E7469636174696F6E546F6B656ED3AA287E6E47640E0200035A000D61757468656E746963617465644C000B617574686F7269746965737400164C6A6176612F7574696C2F436F6C6C656374696F6E3B4C000764657461696C737400124C6A6176612F6C616E672F4F626A6563743B787000737200266A6176612E7574696C2E436F6C6C656374696F6E7324556E6D6F6469666961626C654C697374FC0F2531B5EC8E100200014C00046C6973747400104C6A6176612F7574696C2F4C6973743B7872002C6A6176612E7574696C2E436F6C6C656374696F6E7324556E6D6F6469666961626C65436F6C6C656374696F6E19420080CB5EF71E0200014C00016371007E00047870737200136A6176612E7574696C2E41727261794C6973747881D21D99C7619D03000149000473697A65787000000005770400000005737200426F72672E737072696E676672616D65776F726B2E73656375726974792E636F72652E617574686F726974792E53696D706C654772616E746564417574686F7269747900000000000002300200014C0004726F6C657400124C6A6176612F6C616E672F537472696E673B787074000A524F4C455F61646D696E7371007E000D74000E6372656174655F70726F66696C657371007E000D74000C726561645F70726F66696C657371007E000D74000E7570646174655F70726F66696C657371007E000D74000E64656C6574655F70726F66696C657871007E000C707372003A6F72672E737072696E676672616D65776F726B2E73656375726974792E6F61757468322E70726F76696465722E4F41757468325265717565737400000000000000010200075A0008617070726F7665644C000B617574686F72697469657371007E00044C000A657874656E73696F6E7374000F4C6A6176612F7574696C2F4D61703B4C000B726564697265637455726971007E000E4C00077265667265736874003B4C6F72672F737072696E676672616D65776F726B2F73656375726974792F6F61757468322F70726F76696465722F546F6B656E526571756573743B4C000B7265736F7572636549647374000F4C6A6176612F7574696C2F5365743B4C000D726573706F6E7365547970657371007E001C787200386F72672E737072696E676672616D65776F726B2E73656375726974792E6F61757468322E70726F76696465722E426173655265717565737436287A3EA37169BD0200034C0008636C69656E74496471007E000E4C001172657175657374506172616D657465727371007E001A4C000573636F706571007E001C78707400066D6F62696C65737200256A6176612E7574696C2E436F6C6C656374696F6E7324556E6D6F6469666961626C654D6170F1A5A8FE74F507420200014C00016D71007E001A7870737200116A6176612E7574696C2E486173684D61700507DAC1C31660D103000246000A6C6F6164466163746F724900097468726573686F6C6478703F4000000000000C77080000001000000006740004636F64657400063451694B654274000A6772616E745F74797065740012617574686F72697A6174696F6E5F636F646574000D726573706F6E73655F74797065740004636F646574000C72656469726563745F75726974001B687474703A2F2F6C6F63616C686F73743A383038302F6C6F67696E74000573746174657400066C4D5A634535740009636C69656E745F696471007E001F78737200256A6176612E7574696C2E436F6C6C656374696F6E7324556E6D6F6469666961626C65536574801D92D18F9B80550200007871007E0009737200176A6176612E7574696C2E4C696E6B656448617368536574D86CD75A95DD2A1E020000787200116A6176612E7574696C2E48617368536574BA44859596B8B7340300007870770C000000103F4000000000000274000452454144740005575249544578017371007E0032770C000000103F40000000000000787371007E00223F40000000000000770800000010000000007874001B687474703A2F2F6C6F63616C686F73743A383038302F6C6F67696E707371007E0032770C000000103F400000000000027400077061796D656E74740009696E76656E746F7279787371007E0032770C000000103F4000000000000171007E0029787372004F6F72672E737072696E676672616D65776F726B2E73656375726974792E61757468656E7469636174696F6E2E557365726E616D6550617373776F726441757468656E7469636174696F6E546F6B656E00000000000002300200024C000B63726564656E7469616C7371007E00054C00097072696E636970616C71007E00057871007E0003017371007E00077371007E000B0000000577040000000571007E000F71007E001171007E001371007E001571007E00177871007E0040737200486F72672E737072696E676672616D65776F726B2E73656375726974792E7765622E61757468656E7469636174696F6E2E57656241757468656E7469636174696F6E44657461696C7300000000000002300200024C000D72656D6F74654164647265737371007E000E4C000973657373696F6E496471007E000E787074000F303A303A303A303A303A303A303A3174002038333144374445383030433744383539333042353930303232424444383837427073720037636F6D2E72656E74636C6F75642E617574686F72697A6174696F6E7365727665722E6D6F64656C2E417574685573657244657461696C73D22309A9E4ED625B0200007872002C636F6D2E72656E74636C6F75642E617574686F72697A6174696F6E7365727665722E6D6F64656C2E55736572D3777F9912BDCC290200095A00116163636F756E744E6F6E457870697265645A00106163636F756E744E6F6E4C6F636B65645A001563726564656E7469616C734E6F6E457870697265645A0007656E61626C65644C0005656D61696C71007E000E4C000269647400134C6A6176612F6C616E672F496E74656765723B4C000870617373776F726471007E000E4C0005726F6C657371007E00084C0008757365726E616D6571007E000E7870010101017400116C616B7368616E40676D61696C2E636F6D707400447B6263727970747D2432612431302471444748726D315A653951314B72456E4462626E626531566B7A496D564F4A7675683865756230516272436136484262314A3957797372002F6F72672E68696265726E6174652E636F6C6C656374696F6E2E696E7465726E616C2E50657273697374656E74426167FE57C5AFDA4FA6440200024C000362616771007E00084C001270726F7669646564436F6C6C656374696F6E71007E00047872003E6F72672E68696265726E6174652E636F6C6C656374696F6E2E696E7465726E616C2E416273747261637450657273697374656E74436F6C6C656374696F6E5718B75D8ABA735402000B5A001B616C6C6F774C6F61644F7574736964655472616E73616374696F6E49000A63616368656453697A655A000564697274795A000E656C656D656E7452656D6F7665645A000B696E697469616C697A65645A000D697354656D7053657373696F6E4C00036B65797400164C6A6176612F696F2F53657269616C697A61626C653B4C00056F776E657271007E00054C0004726F6C6571007E000E4C001273657373696F6E466163746F72795575696471007E000E4C000E73746F726564536E617073686F7471007E004D787000FFFFFFFF00000100737200116A6176612E6C616E672E496E746567657212E2A0A4F781873802000149000576616C7565787200106A6176612E6C616E672E4E756D62657286AC951D0B94E08B0200007870000000017371007E00460101010171007E004971007E005171007E004A71007E004E7400076C616B7368616E740032636F6D2E72656E74636C6F75642E617574686F72697A6174696F6E7365727665722E6D6F64656C2E557365722E726F6C6573707371007E000B000000017704000000017372002C636F6D2E72656E74636C6F75642E617574686F72697A6174696F6E7365727665722E6D6F64656C2E526F6C65C8F3ECF7266056D40200034C0002696471007E00474C00046E616D6571007E000E4C000B7065726D697373696F6E7371007E0008787071007E005171007E00107371007E004B00FFFFFFFF0000010071007E005171007E0057740038636F6D2E72656E74636C6F75642E617574686F72697A6174696F6E7365727665722E6D6F64656C2E526F6C652E7065726D697373696F6E73707371007E000B0000000477040000000473720032636F6D2E72656E74636C6F75642E617574686F72697A6174696F6E7365727665722E6D6F64656C2E5065726D697373696F6EAA59DCA3426DB4530200024C0002696471007E00474C00046E616D6571007E000E787071007E005171007E00127371007E005B7371007E004F0000000271007E00147371007E005B7371007E004F0000000371007E00167371007E005B7371007E004F0000000471007E0018787371007E000B0000000477040000000471007E005C71007E005D71007E005F71007E00617870787371007E000B0000000177040000000171007E0057787071007E0053),
	('9fbea7481f314b78806d3bd2d8c9d70f', _binary 0xACED00057372004C6F72672E737072696E676672616D65776F726B2E73656375726974792E6F61757468322E636F6D6D6F6E2E44656661756C744578706972696E674F417574683252656672657368546F6B656E2FDF47639DD0C9B70200014C000A65787069726174696F6E7400104C6A6176612F7574696C2F446174653B787200446F72672E737072696E676672616D65776F726B2E73656375726974792E6F61757468322E636F6D6D6F6E2E44656661756C744F417574683252656672657368546F6B656E73E10E0A6354D45E0200014C000576616C75657400124C6A6176612F6C616E672F537472696E673B787074001B486E4D71546361493930324242536D536B336D704B426F6F6D6C557372000E6A6176612E7574696C2E44617465686A81014B597419030000787077080000018033091C8778, _binary 0xACED0005737200416F72672E737072696E676672616D65776F726B2E73656375726974792E6F61757468322E70726F76696465722E4F417574683241757468656E7469636174696F6EBD400B02166252130200024C000D73746F7265645265717565737474003C4C6F72672F737072696E676672616D65776F726B2F73656375726974792F6F61757468322F70726F76696465722F4F4175746832526571756573743B4C00127573657241757468656E7469636174696F6E7400324C6F72672F737072696E676672616D65776F726B2F73656375726974792F636F72652F41757468656E7469636174696F6E3B787200476F72672E737072696E676672616D65776F726B2E73656375726974792E61757468656E7469636174696F6E2E416273747261637441757468656E7469636174696F6E546F6B656ED3AA287E6E47640E0200035A000D61757468656E746963617465644C000B617574686F7269746965737400164C6A6176612F7574696C2F436F6C6C656374696F6E3B4C000764657461696C737400124C6A6176612F6C616E672F4F626A6563743B787000737200266A6176612E7574696C2E436F6C6C656374696F6E7324556E6D6F6469666961626C654C697374FC0F2531B5EC8E100200014C00046C6973747400104C6A6176612F7574696C2F4C6973743B7872002C6A6176612E7574696C2E436F6C6C656374696F6E7324556E6D6F6469666961626C65436F6C6C656374696F6E19420080CB5EF71E0200014C00016371007E00047870737200136A6176612E7574696C2E41727261794C6973747881D21D99C7619D03000149000473697A65787000000003770400000003737200426F72672E737072696E676672616D65776F726B2E73656375726974792E636F72652E617574686F726974792E53696D706C654772616E746564417574686F7269747900000000000002300200014C0004726F6C657400124C6A6176612F6C616E672F537472696E673B787074000B524F4C455F656469746F727371007E000D74000C726561645F70726F66696C657371007E000D74000E7570646174655F70726F66696C657871007E000C707372003A6F72672E737072696E676672616D65776F726B2E73656375726974792E6F61757468322E70726F76696465722E4F41757468325265717565737400000000000000010200075A0008617070726F7665644C000B617574686F72697469657371007E00044C000A657874656E73696F6E7374000F4C6A6176612F7574696C2F4D61703B4C000B726564697265637455726971007E000E4C00077265667265736874003B4C6F72672F737072696E676672616D65776F726B2F73656375726974792F6F61757468322F70726F76696465722F546F6B656E526571756573743B4C000B7265736F7572636549647374000F4C6A6176612F7574696C2F5365743B4C000D726573706F6E7365547970657371007E0018787200386F72672E737072696E676672616D65776F726B2E73656375726974792E6F61757468322E70726F76696465722E426173655265717565737436287A3EA37169BD0200034C0008636C69656E74496471007E000E4C001172657175657374506172616D657465727371007E00164C000573636F706571007E001878707400066D6F62696C65737200256A6176612E7574696C2E436F6C6C656374696F6E7324556E6D6F6469666961626C654D6170F1A5A8FE74F507420200014C00016D71007E00167870737200116A6176612E7574696C2E486173684D61700507DAC1C31660D103000246000A6C6F6164466163746F724900097468726573686F6C6478703F4000000000000C77080000001000000006740004636F6465740006755A6438796F74000A6772616E745F74797065740012617574686F72697A6174696F6E5F636F646574000D726573706F6E73655F74797065740004636F646574000C72656469726563745F75726974001B687474703A2F2F6C6F63616C686F73743A383038302F6C6F67696E74000573746174657400064B696E532D6D740009636C69656E745F696471007E001B78737200256A6176612E7574696C2E436F6C6C656374696F6E7324556E6D6F6469666961626C65536574801D92D18F9B80550200007871007E0009737200176A6176612E7574696C2E4C696E6B656448617368536574D86CD75A95DD2A1E020000787200116A6176612E7574696C2E48617368536574BA44859596B8B7340300007870770C000000103F4000000000000274000452454144740005575249544578017371007E002E770C000000103F40000000000000787371007E001E3F40000000000000770800000010000000007874001B687474703A2F2F6C6F63616C686F73743A383038302F6C6F67696E707371007E002E770C000000103F400000000000027400077061796D656E74740009696E76656E746F7279787371007E002E770C000000103F4000000000000171007E0025787372004F6F72672E737072696E676672616D65776F726B2E73656375726974792E61757468656E7469636174696F6E2E557365726E616D6550617373776F726441757468656E7469636174696F6E546F6B656E00000000000002300200024C000B63726564656E7469616C7371007E00054C00097072696E636970616C71007E00057871007E0003017371007E00077371007E000B0000000377040000000371007E000F71007E001171007E00137871007E003C737200486F72672E737072696E676672616D65776F726B2E73656375726974792E7765622E61757468656E7469636174696F6E2E57656241757468656E7469636174696F6E44657461696C7300000000000002300200024C000D72656D6F74654164647265737371007E000E4C000973657373696F6E496471007E000E787074000F303A303A303A303A303A303A303A3174002036363341314538453146314433384645343844434343413139443830454545357073720037636F6D2E72656E74636C6F75642E617574686F72697A6174696F6E7365727665722E6D6F64656C2E417574685573657244657461696C73D22309A9E4ED625B0200007872002C636F6D2E72656E74636C6F75642E617574686F72697A6174696F6E7365727665722E6D6F64656C2E55736572D3777F9912BDCC290200095A00116163636F756E744E6F6E457870697265645A00106163636F756E744E6F6E4C6F636B65645A001563726564656E7469616C734E6F6E457870697265645A0007656E61626C65644C0005656D61696C71007E000E4C000269647400134C6A6176612F6C616E672F496E74656765723B4C000870617373776F726471007E000E4C0005726F6C657371007E00084C0008757365726E616D6571007E000E78700101010174000D73757240676D61696C2E636F6D707400447B6263727970747D2432612431302471444748726D315A653951314B72456E4462626E626531566B7A496D564F4A7675683865756230516272436136484262314A3957797372002F6F72672E68696265726E6174652E636F6C6C656374696F6E2E696E7465726E616C2E50657273697374656E74426167FE57C5AFDA4FA6440200024C000362616771007E00084C001270726F7669646564436F6C6C656374696F6E71007E00047872003E6F72672E68696265726E6174652E636F6C6C656374696F6E2E696E7465726E616C2E416273747261637450657273697374656E74436F6C6C656374696F6E5718B75D8ABA735402000B5A001B616C6C6F774C6F61644F7574736964655472616E73616374696F6E49000A63616368656453697A655A000564697274795A000E656C656D656E7452656D6F7665645A000B696E697469616C697A65645A000D697354656D7053657373696F6E4C00036B65797400164C6A6176612F696F2F53657269616C697A61626C653B4C00056F776E657271007E00054C0004726F6C6571007E000E4C001273657373696F6E466163746F72795575696471007E000E4C000E73746F726564536E617073686F7471007E0049787000FFFFFFFF00000100737200116A6176612E6C616E672E496E746567657212E2A0A4F781873802000149000576616C7565787200106A6176612E6C616E672E4E756D62657286AC951D0B94E08B0200007870000000027371007E00420101010171007E004571007E004D71007E004671007E004A740007737572616E6761740032636F6D2E72656E74636C6F75642E617574686F72697A6174696F6E7365727665722E6D6F64656C2E557365722E726F6C6573707371007E000B000000017704000000017372002C636F6D2E72656E74636C6F75642E617574686F72697A6174696F6E7365727665722E6D6F64656C2E526F6C65C8F3ECF7266056D40200034C0002696471007E00434C00046E616D6571007E000E4C000B7065726D697373696F6E7371007E0008787071007E004D71007E00107371007E004700FFFFFFFF0000010071007E004D71007E0053740038636F6D2E72656E74636C6F75642E617574686F72697A6174696F6E7365727665722E6D6F64656C2E526F6C652E7065726D697373696F6E73707371007E000B0000000277040000000273720032636F6D2E72656E74636C6F75642E617574686F72697A6174696F6E7365727665722E6D6F64656C2E5065726D697373696F6EAA59DCA3426DB4530200024C0002696471007E00434C00046E616D6571007E000E787071007E004D71007E00127371007E00577371007E004B0000000371007E0014787371007E000B0000000277040000000271007E005871007E00597870787371007E000B0000000177040000000171007E0053787071007E004F),
	('3fb4f0bad4e55840a7d756a33faaca1b', _binary 0xACED00057372004C6F72672E737072696E676672616D65776F726B2E73656375726974792E6F61757468322E636F6D6D6F6E2E44656661756C744578706972696E674F417574683252656672657368546F6B656E2FDF47639DD0C9B70200014C000A65787069726174696F6E7400104C6A6176612F7574696C2F446174653B787200446F72672E737072696E676672616D65776F726B2E73656375726974792E6F61757468322E636F6D6D6F6E2E44656661756C744F417574683252656672657368546F6B656E73E10E0A6354D45E0200014C000576616C75657400124C6A6176612F6C616E672F537472696E673B787074001B35684E67396D4854416474517772526C6F62622D6B45306D6130307372000E6A6176612E7574696C2E44617465686A81014B59741903000078707708000001803318753D78, _binary 0xACED0005737200416F72672E737072696E676672616D65776F726B2E73656375726974792E6F61757468322E70726F76696465722E4F417574683241757468656E7469636174696F6EBD400B02166252130200024C000D73746F7265645265717565737474003C4C6F72672F737072696E676672616D65776F726B2F73656375726974792F6F61757468322F70726F76696465722F4F4175746832526571756573743B4C00127573657241757468656E7469636174696F6E7400324C6F72672F737072696E676672616D65776F726B2F73656375726974792F636F72652F41757468656E7469636174696F6E3B787200476F72672E737072696E676672616D65776F726B2E73656375726974792E61757468656E7469636174696F6E2E416273747261637441757468656E7469636174696F6E546F6B656ED3AA287E6E47640E0200035A000D61757468656E746963617465644C000B617574686F7269746965737400164C6A6176612F7574696C2F436F6C6C656374696F6E3B4C000764657461696C737400124C6A6176612F6C616E672F4F626A6563743B787000737200266A6176612E7574696C2E436F6C6C656374696F6E7324556E6D6F6469666961626C654C697374FC0F2531B5EC8E100200014C00046C6973747400104C6A6176612F7574696C2F4C6973743B7872002C6A6176612E7574696C2E436F6C6C656374696F6E7324556E6D6F6469666961626C65436F6C6C656374696F6E19420080CB5EF71E0200014C00016371007E00047870737200136A6176612E7574696C2E41727261794C6973747881D21D99C7619D03000149000473697A65787000000002770400000002737200426F72672E737072696E676672616D65776F726B2E73656375726974792E636F72652E617574686F726974792E53696D706C654772616E746564417574686F7269747900000000000002300200014C0004726F6C657400124C6A6176612F6C616E672F537472696E673B787074000D524F4C455F6F70657261746F727371007E000D74000C726561645F70726F66696C657871007E000C707372003A6F72672E737072696E676672616D65776F726B2E73656375726974792E6F61757468322E70726F76696465722E4F41757468325265717565737400000000000000010200075A0008617070726F7665644C000B617574686F72697469657371007E00044C000A657874656E73696F6E7374000F4C6A6176612F7574696C2F4D61703B4C000B726564697265637455726971007E000E4C00077265667265736874003B4C6F72672F737072696E676672616D65776F726B2F73656375726974792F6F61757468322F70726F76696465722F546F6B656E526571756573743B4C000B7265736F7572636549647374000F4C6A6176612F7574696C2F5365743B4C000D726573706F6E7365547970657371007E0016787200386F72672E737072696E676672616D65776F726B2E73656375726974792E6F61757468322E70726F76696465722E426173655265717565737436287A3EA37169BD0200034C0008636C69656E74496471007E000E4C001172657175657374506172616D657465727371007E00144C000573636F706571007E001678707400066D6F62696C65737200256A6176612E7574696C2E436F6C6C656374696F6E7324556E6D6F6469666961626C654D6170F1A5A8FE74F507420200014C00016D71007E00147870737200116A6176612E7574696C2E486173684D61700507DAC1C31660D103000246000A6C6F6164466163746F724900097468726573686F6C6478703F4000000000000C77080000001000000006740004636F6465740006547A6F306A5F74000A6772616E745F74797065740012617574686F72697A6174696F6E5F636F646574000D726573706F6E73655F74797065740004636F646574000C72656469726563745F75726974001B687474703A2F2F6C6F63616C686F73743A383038302F6C6F67696E7400057374617465740006655650646572740009636C69656E745F696471007E001978737200256A6176612E7574696C2E436F6C6C656374696F6E7324556E6D6F6469666961626C65536574801D92D18F9B80550200007871007E0009737200176A6176612E7574696C2E4C696E6B656448617368536574D86CD75A95DD2A1E020000787200116A6176612E7574696C2E48617368536574BA44859596B8B7340300007870770C000000103F4000000000000274000452454144740005575249544578017371007E002C770C000000103F40000000000000787371007E001C3F40000000000000770800000010000000007874001B687474703A2F2F6C6F63616C686F73743A383038302F6C6F67696E707371007E002C770C000000103F400000000000027400077061796D656E74740009696E76656E746F7279787371007E002C770C000000103F4000000000000171007E0023787372004F6F72672E737072696E676672616D65776F726B2E73656375726974792E61757468656E7469636174696F6E2E557365726E616D6550617373776F726441757468656E7469636174696F6E546F6B656E00000000000002300200024C000B63726564656E7469616C7371007E00054C00097072696E636970616C71007E00057871007E0003017371007E00077371007E000B0000000277040000000271007E000F71007E00117871007E003A737200486F72672E737072696E676672616D65776F726B2E73656375726974792E7765622E61757468656E7469636174696F6E2E57656241757468656E7469636174696F6E44657461696C7300000000000002300200024C000D72656D6F74654164647265737371007E000E4C000973657373696F6E496471007E000E787074000F303A303A303A303A303A303A303A3174002041344432313745464633463041453737343344453139324332464145333643307073720037636F6D2E72656E74636C6F75642E617574686F72697A6174696F6E7365727665722E6D6F64656C2E417574685573657244657461696C73D22309A9E4ED625B0200007872002C636F6D2E72656E74636C6F75642E617574686F72697A6174696F6E7365727665722E6D6F64656C2E55736572D3777F9912BDCC290200095A00116163636F756E744E6F6E457870697265645A00106163636F756E744E6F6E4C6F636B65645A001563726564656E7469616C734E6F6E457870697265645A0007656E61626C65644C0005656D61696C71007E000E4C000269647400134C6A6176612F6C616E672F496E74656765723B4C000870617373776F726471007E000E4C0005726F6C657371007E00084C0008757365726E616D6571007E000E78700101010174000F6E7577616E40676D61696C2E636F6D707400447B6263727970747D2432612431302471444748726D315A653951314B72456E4462626E626531566B7A496D564F4A7675683865756230516272436136484262314A3957797372002F6F72672E68696265726E6174652E636F6C6C656374696F6E2E696E7465726E616C2E50657273697374656E74426167FE57C5AFDA4FA6440200024C000362616771007E00084C001270726F7669646564436F6C6C656374696F6E71007E00047872003E6F72672E68696265726E6174652E636F6C6C656374696F6E2E696E7465726E616C2E416273747261637450657273697374656E74436F6C6C656374696F6E5718B75D8ABA735402000B5A001B616C6C6F774C6F61644F7574736964655472616E73616374696F6E49000A63616368656453697A655A000564697274795A000E656C656D656E7452656D6F7665645A000B696E697469616C697A65645A000D697354656D7053657373696F6E4C00036B65797400164C6A6176612F696F2F53657269616C697A61626C653B4C00056F776E657271007E00054C0004726F6C6571007E000E4C001273657373696F6E466163746F72795575696471007E000E4C000E73746F726564536E617073686F7471007E0047787000FFFFFFFF00000100737200116A6176612E6C616E672E496E746567657212E2A0A4F781873802000149000576616C7565787200106A6176612E6C616E672E4E756D62657286AC951D0B94E08B0200007870000000037371007E00400101010171007E004371007E004B71007E004471007E00487400056E7577616E740032636F6D2E72656E74636C6F75642E617574686F72697A6174696F6E7365727665722E6D6F64656C2E557365722E726F6C6573707371007E000B000000017704000000017372002C636F6D2E72656E74636C6F75642E617574686F72697A6174696F6E7365727665722E6D6F64656C2E526F6C65C8F3ECF7266056D40200034C0002696471007E00414C00046E616D6571007E000E4C000B7065726D697373696F6E7371007E0008787071007E004B71007E00107371007E004500FFFFFFFF0000010071007E004B71007E0051740038636F6D2E72656E74636C6F75642E617574686F72697A6174696F6E7365727665722E6D6F64656C2E526F6C652E7065726D697373696F6E73707371007E000B0000000177040000000173720032636F6D2E72656E74636C6F75642E617574686F72697A6174696F6E7365727665722E6D6F64656C2E5065726D697373696F6EAA59DCA3426DB4530200024C0002696471007E00414C00046E616D6571007E000E78707371007E00490000000271007E0012787371007E000B0000000177040000000171007E00567870787371007E000B0000000177040000000171007E0051787071007E004D);
/*!40000 ALTER TABLE `oauth_refresh_token` ENABLE KEYS */;

-- Dumping structure for table oauth_db.permission
CREATE TABLE IF NOT EXISTS `permission` (
  `id` int(11) NOT NULL AUTO_INCREMENT,
  `name` varchar(512) DEFAULT NULL,
  PRIMARY KEY (`id`),
  UNIQUE KEY `name` (`name`)
) ENGINE=InnoDB AUTO_INCREMENT=5 DEFAULT CHARSET=latin1;

-- Dumping data for table oauth_db.permission: ~4 rows (approximately)
/*!40000 ALTER TABLE `permission` DISABLE KEYS */;
INSERT IGNORE INTO `permission` (`id`, `name`) VALUES
	(1, 'create_profile'),
	(4, 'delete_profile'),
	(2, 'read_profile'),
	(3, 'update_profile');
/*!40000 ALTER TABLE `permission` ENABLE KEYS */;

-- Dumping structure for table oauth_db.permission_role
CREATE TABLE IF NOT EXISTS `permission_role` (
  `permission_id` int(11) DEFAULT NULL,
  `role_id` int(11) DEFAULT NULL,
  KEY `permission_id` (`permission_id`),
  KEY `role_id` (`role_id`),
  CONSTRAINT `permission_role_ibfk_1` FOREIGN KEY (`permission_id`) REFERENCES `permission` (`id`),
  CONSTRAINT `permission_role_ibfk_2` FOREIGN KEY (`role_id`) REFERENCES `role` (`id`)
) ENGINE=InnoDB DEFAULT CHARSET=latin1;

-- Dumping data for table oauth_db.permission_role: ~7 rows (approximately)
/*!40000 ALTER TABLE `permission_role` DISABLE KEYS */;
INSERT IGNORE INTO `permission_role` (`permission_id`, `role_id`) VALUES
	(1, 1),
	(2, 1),
	(3, 1),
	(4, 1),
	(2, 2),
	(3, 2),
	(2, 3);
/*!40000 ALTER TABLE `permission_role` ENABLE KEYS */;

-- Dumping structure for table oauth_db.role
CREATE TABLE IF NOT EXISTS `role` (
  `id` int(11) NOT NULL AUTO_INCREMENT,
  `name` varchar(255) DEFAULT NULL,
  PRIMARY KEY (`id`),
  UNIQUE KEY `name` (`name`)
) ENGINE=InnoDB AUTO_INCREMENT=4 DEFAULT CHARSET=latin1;

-- Dumping data for table oauth_db.role: ~3 rows (approximately)
/*!40000 ALTER TABLE `role` DISABLE KEYS */;
INSERT IGNORE INTO `role` (`id`, `name`) VALUES
	(1, 'ROLE_admin'),
	(2, 'ROLE_editor'),
	(3, 'ROLE_operator');
/*!40000 ALTER TABLE `role` ENABLE KEYS */;

-- Dumping structure for table oauth_db.role_user
CREATE TABLE IF NOT EXISTS `role_user` (
  `role_id` int(11) DEFAULT NULL,
  `user_id` int(11) DEFAULT NULL,
  KEY `role_id` (`role_id`),
  KEY `user_id` (`user_id`),
  CONSTRAINT `role_user_ibfk_1` FOREIGN KEY (`role_id`) REFERENCES `role` (`id`),
  CONSTRAINT `role_user_ibfk_2` FOREIGN KEY (`user_id`) REFERENCES `user` (`id`)
) ENGINE=InnoDB DEFAULT CHARSET=latin1;

-- Dumping data for table oauth_db.role_user: ~3 rows (approximately)
/*!40000 ALTER TABLE `role_user` DISABLE KEYS */;
INSERT IGNORE INTO `role_user` (`role_id`, `user_id`) VALUES
	(1, 1),
	(2, 2),
	(3, 3);
/*!40000 ALTER TABLE `role_user` ENABLE KEYS */;

-- Dumping structure for table oauth_db.user
CREATE TABLE IF NOT EXISTS `user` (
  `id` int(11) NOT NULL AUTO_INCREMENT,
  `username` varchar(100) NOT NULL,
  `password` varchar(1024) NOT NULL,
  `email` varchar(1024) NOT NULL,
  `enabled` tinyint(4) NOT NULL,
  `accountNonExpired` tinyint(4) NOT NULL,
  `credentialsNonExpired` tinyint(4) NOT NULL,
  `accountNonLocked` tinyint(4) NOT NULL,
  PRIMARY KEY (`id`),
  UNIQUE KEY `username` (`username`)
) ENGINE=InnoDB AUTO_INCREMENT=4 DEFAULT CHARSET=latin1;

-- Dumping data for table oauth_db.user: ~3 rows (approximately)
/*!40000 ALTER TABLE `user` DISABLE KEYS */;
INSERT IGNORE INTO `user` (`id`, `username`, `password`, `email`, `enabled`, `accountNonExpired`, `credentialsNonExpired`, `accountNonLocked`) VALUES
	(1, 'lakshan', '{bcrypt}$2a$10$qDGHrm1Ze9Q1KrEnDbbnbe1VkzImVOJvuh8eub0QbrCa6HBb1J9Wy', 'lakshan@gmail.com', 1, 1, 1, 1),
	(2, 'suranga', '{bcrypt}$2a$10$qDGHrm1Ze9Q1KrEnDbbnbe1VkzImVOJvuh8eub0QbrCa6HBb1J9Wy', 'sur@gmail.com', 1, 1, 1, 1),
	(3, 'nuwan', '{bcrypt}$2a$10$qDGHrm1Ze9Q1KrEnDbbnbe1VkzImVOJvuh8eub0QbrCa6HBb1J9Wy', 'nuwan@gmail.com', 1, 1, 1, 1);
/*!40000 ALTER TABLE `user` ENABLE KEYS */;

/*!40101 SET SQL_MODE=IFNULL(@OLD_SQL_MODE, '') */;
/*!40014 SET FOREIGN_KEY_CHECKS=IFNULL(@OLD_FOREIGN_KEY_CHECKS, 1) */;
/*!40101 SET CHARACTER_SET_CLIENT=@OLD_CHARACTER_SET_CLIENT */;
/*!40111 SET SQL_NOTES=IFNULL(@OLD_SQL_NOTES, 1) */;
